﻿<?xml version="1.0" encoding="utf-8"?>
<BlogDb>
  <Blog>
    <BlogID>43441056</BlogID>
    <Title>What is ddl hell problem and it’s solution in .net</Title>
    <Details>DLL Hell:

DLL Hell refers to the set of problems while sharing multiple applications under a single common component like Dynamic Link Library(DLL) or a Component Object Model(COM) class. Simply, it is the problem which occurs while registering the DLL components with a common name. DOT Net has removed this problem by introducing the concept of versioning.

Versioning:

Versioning is a process where, every shared application creates its own version number. For Example, Let us assume that the version number of the first registered DLL takes as V1.0. And Now, you want to overwrite the first registered DLL by installing another DLL with same name. Then the version number of the second registered DLL would be taken as V2.0.

By this way we can avoid the conflicts of DLL registration and can overwrite the registered DLLs successfully</Details>
    <Author>KRISHAN DUTT</Author>
    <Year>3/19/2017 7:20:54 PM</Year>
  </Blog>
  <Blog>
    <BlogID>77253256</BlogID>
    <Title>Working with Tuple in C# 4.0</Title>
    <Details>Using a Tuple

Base class library exposes two objects. It exposes the static class Tuple which allows you to get a number of Tuple instances based on the Static method Create, and a number of Tuple classes, each of which takes some specific number of Generic arguments.
</Details>
    <Author>KRISHAN DUTT</Author>
    <Year>3/19/2017 7:23:42 PM</Year>
  </Blog>
  <Blog>
    <BlogID>48798074</BlogID>
    <Title>Difference between stored procedure and function</Title>
    <Details>1) Procedure can return zero or n values whereas function can return one value which is mandatory.
2) Procedures can have input, output parameters for it whereas functions can have only input parameters.
3) Procedure allows select as well as DML statement in it whereas function allows only select statement in it.
4) Functions can be called from procedure whereas procedures cannot be called from function.
5) Exception can be handled by try-catch block in a procedure whereas try-catch block cannot be used in a function.
6) We can go for transaction management in procedure whereas we can't go in function.
7) Procedures cannot be utilized in a select statement whereas function can be embedded in a select statement.</Details>
    <Author>KRISHAN DUTT</Author>
    <Year>3/19/2017 7:30:48 PM</Year>
  </Blog>
  <Blog>
    <BlogID>44896927</BlogID>
    <Title>Difference between Abstract and Interface</Title>
    <Details>Abstract Class:

-Abstract class provides a set of rules to implement next class
-Rules will be provided through abstract methods
-Abstract method does not contain any definition
-While inheriting abstract class all abstract methods must be override
-If a class contains at least one abstract method then it must be declared as an “Abstract Class”
-Abstract classes cannot be instantiated, but a reference cannot be created
-Reference depends on child class object’s memory
-Abstract classes are also called as “Partial abstract classes”
-Partial abstract class may contain functions with body and functions without body
-If a class contains all functions without body then it is called as “Fully Abstract Class” (Interface)

Interface:

-If a class contains all abstract methods then that class is known as “Interface”
-Interfaces support like multiple inheritance
-In interface all methods r public abstract by default
-Interfaces r implementable
-Interfaces cannot be instantiated, but a reference can be created</Details>
    <Author>KRISHAN DUTT</Author>
    <Year>3/19/2017 7:31:52 PM</Year>
  </Blog>
  <Blog>
    <BlogID>26878694</BlogID>
    <Title>Why the Clustered Index should be Unique In SQL Server</Title>
    <Details>By default SQL Server creates Clustered Index on the primary key, so it is important to understand the Clustered Index in depth and its general recommendation, because I am a firm, non believer in only theory because every theory is the result of some Practical experience, at least in SQL Server, but most of the way to find out what is happening inside the SQL Server is hidden and undocumented and unsupported, so it's not easily accessible, but some Microsoft engineer or ex Microsoft employees talk about internal and  use them. But if something is undocumented then it should not be run on the production environment because if anything breaks in your database, Microsoft won`t take any responsibility, so undocumented commands should be run into the testing or developer system.
In this whole series we are using  DBCC IND and DBCC PAGE command which is undocumented, hence not recommended to run on the production Servers.
This article is a demonstration why we recommend that Clustered Index should be unique, and the reason behind why SQL Server by default creates Clustered Index on the primary key because the primary key constraint is unique and suitable for Clustered Index.</Details>
    <Author>KRISHAN DUTT</Author>
    <Year>7/6/2017 4:55:22 PM</Year>
  </Blog>
  <Blog>
    <BlogID>93628036</BlogID>
    <Title>What Is Named Arguments In C#</Title>
    <Details>Named Arguments 
 
Generally, In Methods call, Arguments are passed according to the order of parameters defined in the method definition. So when making a method call, it is necessary for us to remember the order of parameters before passing the value to the method call. If the number of parameters is large then it is difficult to remember the order. To overcome this, Named arguments are used. When calling a method, arguments are passed with the parameter name followed by a colon and a value. In Named Arguments, we do not require to pass the parameters in order as defined on method definition, so we can pass the arguments in any order on method calling.
 
Example of Named Arguments
using System;  
  
namespace Tutpoint  
{  
    class Program  
    {  
        static void Main(string[] args)  
        {  
            Console.WriteLine("hello Tutpoint");  

            Program.Details(roll_No: 4, name: "Shubham", course: "Btech", id: 2); 
 
            // Arguments are passed in different order  
            Program.Details(name: "Rishabh", roll_No: 44, id: 1, course: "Bcom");  
  
            Console.ReadLine();  
        }  
  
        public static void Details(int roll_No, string name, int id, string course)  
        {  
            Console.WriteLine(string.Format("Roll No.: {0}, Name: {1}, id: {2}, Course: {3}", roll_No, name, id, course));  
        }  
    }  
}  
Here, Details() is a method that contains 4 parameters as (roll_No, name, id, course). On method call, arguments use the name of the parameter followed by a colon and the value. arguments can be passed in any order.

Note

We can not pass fixed arguments after specifying named arguments, this will produce an error:
Program.Details(roll_No:2,name: "Mohit", id:2,"Art");  
Here, "Art" is the fixed argument which is used after specifying named arguments(roll_No, name, id). This is incorrect and produce an error as 'Named argument specifications must appear after all fixed arguments have been specified'

but, 

we can specify fixed arguments before specifying named arguments in order as shown below:
Program.Details(4, name: "Gaurav", course: "BArch", id: 22);  
If the order of fixed arguments passed is incorrect then it will produce an error as 'Named argument 'roll_No' specifies a parameter for which a positional argument has already been given:
Program.Details("4", roll_No: "Shubham", course: "Btech", id: 2);  </Details>
    <Author>KRISHAN DUTT</Author>
    <Year>10/5/2017 3:23:26 PM</Year>
  </Blog>
</BlogDb>